{
  "saved_at": "2026-03-08T01:45:38.921874+00:00",
  "count": 48,
  "scores": {
    "CVE-2024-1018": 0.00055,
    "CVE-2024-1016": 0.00069,
    "CVE-2024-1014": 0.0015,
    "CVE-2024-1012": 0.00134,
    "CVE-2024-1010": 0.00196,
    "CVE-2024-1008": 0.00075,
    "CVE-2024-1006": 0.00072,
    "CVE-2024-1004": 0.00082,
    "CVE-2024-1002": 0.00115,
    "CVE-2024-1000": 0.00129,
    "CVE-2024-3094": 0.858,
    "CVE-2023-44487": 0.944,
    "CVE-2021-44228": 0.94358,
    "CVE-2024-1003": 0.00095,
    "CVE-2024-1001": 0.00111,
    "CVE-2024-22259": 0.30512,
    "CVE-2024-1597": 0.00609,
    "CVE-2024-9999": 0.00129,
    "CVE-2024-1234": 0.05844,
    "CVE-2024-43468": 0.8462,
    "CVE-2024-12345": 0.00053,
    "CVE-2022-3602": 0.82204,
    "CVE-2022-22965": 0.94428,
    "CVE-2024-10009": 0.00066,
    "CVE-2024-10008": 0.15896,
    "CVE-2024-10007": 0.0008,
    "CVE-2024-10006": 0.00035,
    "CVE-2024-10005": 0.00207,
    "CVE-2024-10004": 0.00321,
    "CVE-2024-10003": 0.00353,
    "CVE-2024-10002": 0.00612,
    "CVE-2024-10001": 0.00162,
    "CVE-2024-10000": 0.00228,
    "CVE-2024-21626": 0.04543,
    "CVE-2023-4911": 0.5716,
    "CVE-2023-38545": 0.28327,
    "CVE-2024-22243": 0.48232,
    "CVE-2023-35116": 0.00015,
    "CVE-2024-21319": 0.00593,
    "CVE-2024-0057": 0.03635,
    "CVE-2024-3651": 0.0067,
    "CVE-2024-34064": 0.01057,
    "CVE-2024-31141": 0.00074,
    "CVE-2023-46604": 0.94436,
    "CVE-2023-3592": 0.00065,
    "CVE-2024-22201": 0.00404,
    "CVE-2024-38816": 0.93773,
    "CVE-2024-5678": 0.01541
  }
}