{
  "saved_at": "2026-03-17T21:27:56.794417+00:00",
  "count": 108,
  "scores": {
    "CVE-2024-1018": 0.00055,
    "CVE-2024-1016": 0.00069,
    "CVE-2024-1014": 0.0015,
    "CVE-2024-1012": 0.00134,
    "CVE-2024-1010": 0.00196,
    "CVE-2024-1008": 0.00075,
    "CVE-2024-1006": 0.00072,
    "CVE-2024-1004": 0.00082,
    "CVE-2024-1002": 0.00115,
    "CVE-2024-1000": 0.00129,
    "CVE-2024-3094": 0.858,
    "CVE-2023-44487": 0.944,
    "CVE-2021-44228": 0.94358,
    "CVE-2024-1003": 0.00095,
    "CVE-2024-1001": 0.00111,
    "CVE-2024-22259": 0.30512,
    "CVE-2024-1597": 0.00609,
    "CVE-2024-9999": 0.00129,
    "CVE-2024-1234": 0.05844,
    "CVE-2024-43468": 0.8462,
    "CVE-2024-12345": 0.00053,
    "CVE-2022-3602": 0.82204,
    "CVE-2022-22965": 0.94428,
    "CVE-2024-10009": 0.00066,
    "CVE-2024-10008": 0.15896,
    "CVE-2024-10007": 0.0008,
    "CVE-2024-10006": 0.00035,
    "CVE-2024-10005": 0.00207,
    "CVE-2024-10004": 0.00321,
    "CVE-2024-10003": 0.00353,
    "CVE-2024-10002": 0.00612,
    "CVE-2024-10001": 0.00162,
    "CVE-2024-10000": 0.00228,
    "CVE-2024-21626": 0.04543,
    "CVE-2023-4911": 0.5716,
    "CVE-2023-38545": 0.28327,
    "CVE-2024-22243": 0.48232,
    "CVE-2023-35116": 0.00015,
    "CVE-2024-21319": 0.00593,
    "CVE-2024-0057": 0.03635,
    "CVE-2024-3651": 0.0067,
    "CVE-2024-34064": 0.01057,
    "CVE-2024-31141": 0.00074,
    "CVE-2023-46604": 0.94436,
    "CVE-2023-3592": 0.00065,
    "CVE-2024-22201": 0.00404,
    "CVE-2024-38816": 0.93773,
    "CVE-2024-5678": 0.01541,
    "CVE-2025-1047": 0.00174,
    "CVE-2025-1046": 0.00174,
    "CVE-2025-1044": 0.01157,
    "CVE-2025-1038": 0.00083,
    "CVE-2025-1037": 0.0003,
    "CVE-2025-1036": 0.00671,
    "CVE-2025-1033": 0.00066,
    "CVE-2025-1031": 0.00047,
    "CVE-2025-1030": 0.00046,
    "CVE-2025-1028": 0.01618,
    "CVE-2025-1026": 0.0021,
    "CVE-2025-1025": 0.05455,
    "CVE-2025-1024": 0.00147,
    "CVE-2025-1023": 0.00926,
    "CVE-2025-1021": 0.00316,
    "CVE-2025-1020": 0.00519,
    "CVE-2025-1019": 0.00116,
    "CVE-2025-1017": 0.00376,
    "CVE-2025-1016": 0.00376,
    "CVE-2025-1013": 0.00295,
    "CVE-2025-1010": 0.00378,
    "CVE-2025-1009": 0.00475,
    "CVE-2025-1008": 0.00119,
    "CVE-2025-1007": 0.00134,
    "CVE-2025-1004": 0.00167,
    "CVE-2025-1003": 0.00041,
    "CVE-2025-1000": 0.00157,
    "CVE-2025-1049": 0.0016,
    "CVE-2025-1048": 0.00175,
    "CVE-2025-1045": 0.00159,
    "CVE-2025-1043": 0.00098,
    "CVE-2025-1042": 0.00056,
    "CVE-2025-1041": 0.00203,
    "CVE-2025-1040": 0.01705,
    "CVE-2025-1039": 0.00375,
    "CVE-2025-1035": 0.21153,
    "CVE-2025-1029": 0.00047,
    "CVE-2025-1022": 0.00236,
    "CVE-2025-1018": 0.00109,
    "CVE-2025-1015": 0.306,
    "CVE-2025-1014": 0.00116,
    "CVE-2025-1012": 0.00432,
    "CVE-2025-1011": 0.00222,
    "CVE-2025-1006": 0.00259,
    "CVE-2025-1005": 0.001,
    "CVE-2025-1002": 0.00019,
    "CVE-2025-1001": 9e-05,
    "CVE-2024-6387": 0.31914,
    "CVE-2024-4577": 0.94374,
    "CVE-2024-23897": 0.94466,
    "CVE-2024-1709": 0.94322,
    "CVE-2024-0204": 0.93048,
    "CVE-2023-4863": 0.94083,
    "CVE-2024-3400": 0.94297,
    "CVE-2024-27198": 0.94579,
    "CVE-2024-21887": 0.94412,
    "CVE-2024-20353": 0.19536,
    "CVE-2024-1005": 0.00113,
    "CVE-2020-28500": 0.00245,
    "CVE-2024-8888": 0.00275
  }
}