{
  "saved_at": "2026-03-02T02:38:10.715836+00:00",
  "count": 19,
  "scores": {
    "CVE-2024-1018": 0.00055,
    "CVE-2024-1016": 0.00069,
    "CVE-2024-1014": 0.0015,
    "CVE-2024-1012": 0.00134,
    "CVE-2024-1010": 0.00196,
    "CVE-2024-1008": 0.00075,
    "CVE-2024-1006": 0.00072,
    "CVE-2024-1004": 0.00082,
    "CVE-2024-1002": 0.00115,
    "CVE-2024-1000": 0.00129,
    "CVE-2024-3094": 0.858,
    "CVE-2023-44487": 0.944,
    "CVE-2021-44228": 0.94358,
    "CVE-2024-1003": 0.00095,
    "CVE-2024-1001": 0.00111,
    "CVE-2024-22259": 0.30512,
    "CVE-2024-1597": 0.00609,
    "CVE-2024-9999": 0.00129,
    "CVE-2024-1234": 0.05844
  }
}