{
  "raw/competitive/competitor-sonatype.md": 1776857699.7802618,
  "raw/competitive/fixops-inventory.md": 1776857699.7919912,
  "raw/competitive/gap-matrix.md": 1776858997.1814375,
  "raw/competitive/truecourse-analysis.md": 1776857699.803565,
  "raw/competitive/gap-summary.md": 1776858997.1819544,
  "raw/competitive/competitor-ctem.md": 1776857699.755443,
  "raw/competitive/competitor-emerging.md": 1776857699.7680893,
  "raw/competitive/competitor-aspm.md": 1776857699.7264628,
  "raw/competitive/competitor-cspm.md": 1776857699.7425535
}